Well.Position,Sequence.Name,Sequence
A1,D501,AATGATACGGCGACCACCGAGATCTACACTATAGCCTTCGTCGGCAGCGTCAGATGTGTATAAGAGACAG
A1,D701,CAAGCAGAAGACGGCATACGAGATATTACTCGGTCTCGTGGGCTCGGAGATGTGTATAAGAGACAG
A10,D507,AATGATACGGCGACCACCGAGATCTACACCAGGACGTTCGTCGGCAGCGTCAGATGTGTATAAGAGACAG
A10,D701,CAAGCAGAAGACGGCATACGAGATATTACTCGGTCTCGTGGGCTCGGAGATGTGTATAAGAGACAG
A11,D507,AATGATACGGCGACCACCGAGATCTACACCAGGACGTTCGTCGGCAGCGTCAGATGTGTATAAGAGACAG
A11,D709,CAAGCAGAAGACGGCATACGAGATCGGCTATGGTCTCGTGGGCTCGGAGATGTGTATAAGAGACAG
A12,D508,AATGATACGGCGACCACCGAGATCTACACGTACTGACTCGTCGGCAGCGTCAGATGTGTATAAGAGACAG
A12,D705,CAAGCAGAAGACGGCATACGAGATATTCAGAAGTCTCGTGGGCTCGGAGATGTGTATAAGAGACAG
A2,D501,AATGATACGGCGACCACCGAGATCTACACTATAGCCTTCGTCGGCAGCGTCAGATGTGTATAAGAGACAG
A2,D709,CAAGCAGAAGACGGCATACGAGATCGGCTATGGTCTCGTGGGCTCGGAGATGTGTATAAGAGACAG
A3,D502,AATGATACGGCGACCACCGAGATCTACACATAGAGGCTCGTCGGCAGCGTCAGATGTGTATAAGAGACAG
A3,D705,CAAGCAGAAGACGGCATACGAGATATTCAGAAGTCTCGTGGGCTCGGAGATGTGTATAAGAGACAG
A4,D503,AATGATACGGCGACCACCGAGATCTACACCCTATCCTTCGTCGGCAGCGTCAGATGTGTATAAGAGACAG
A4,D701,CAAGCAGAAGACGGCATACGAGATATTACTCGGTCTCGTGGGCTCGGAGATGTGTATAAGAGACAG
A5,D503,AATGATACGGCGACCACCGAGATCTACACCCTATCCTTCGTCGGCAGCGTCAGATGTGTATAAGAGACAG
A5,D709,CAAGCAGAAGACGGCATACGAGATCGGCTATGGTCTCGTGGGCTCGGAGATGTGTATAAGAGACAG
A6,D504,AATGATACGGCGACCACCGAGATCTACACGGCTCTGATCGTCGGCAGCGTCAGATGTGTATAAGAGACAG
A6,D705,CAAGCAGAAGACGGCATACGAGATATTCAGAAGTCTCGTGGGCTCGGAGATGTGTATAAGAGACAG
A7,D505,AATGATACGGCGACCACCGAGATCTACACAGGCGAAGTCGTCGGCAGCGTCAGATGTGTATAAGAGACAG
A7,D701,CAAGCAGAAGACGGCATACGAGATATTACTCGGTCTCGTGGGCTCGGAGATGTGTATAAGAGACAG
A8,D505,AATGATACGGCGACCACCGAGATCTACACAGGCGAAGTCGTCGGCAGCGTCAGATGTGTATAAGAGACAG
A8,D709,CAAGCAGAAGACGGCATACGAGATCGGCTATGGTCTCGTGGGCTCGGAGATGTGTATAAGAGACAG
A9,D506,AATGATACGGCGACCACCGAGATCTACACTAATCTTATCGTCGGCAGCGTCAGATGTGTATAAGAGACAG
A9,D705,CAAGCAGAAGACGGCATACGAGATATTCAGAAGTCTCGTGGGCTCGGAGATGTGTATAAGAGACAG
B1,D501,AATGATACGGCGACCACCGAGATCTACACTATAGCCTTCGTCGGCAGCGTCAGATGTGTATAAGAGACAG
B1,D702,CAAGCAGAAGACGGCATACGAGATTCCGGAGAGTCTCGTGGGCTCGGAGATGTGTATAAGAGACAG
B10,D507,AATGATACGGCGACCACCGAGATCTACACCAGGACGTTCGTCGGCAGCGTCAGATGTGTATAAGAGACAG
B10,D702,CAAGCAGAAGACGGCATACGAGATTCCGGAGAGTCTCGTGGGCTCGGAGATGTGTATAAGAGACAG
B11,D507,AATGATACGGCGACCACCGAGATCTACACCAGGACGTTCGTCGGCAGCGTCAGATGTGTATAAGAGACAG
B11,D710,CAAGCAGAAGACGGCATACGAGATTCCGCGAAGTCTCGTGGGCTCGGAGATGTGTATAAGAGACAG
B12,D508,AATGATACGGCGACCACCGAGATCTACACGTACTGACTCGTCGGCAGCGTCAGATGTGTATAAGAGACAG
B12,D706,CAAGCAGAAGACGGCATACGAGATGAATTCGTGTCTCGTGGGCTCGGAGATGTGTATAAGAGACAG
B2,D501,AATGATACGGCGACCACCGAGATCTACACTATAGCCTTCGTCGGCAGCGTCAGATGTGTATAAGAGACAG
B2,D710,CAAGCAGAAGACGGCATACGAGATTCCGCGAAGTCTCGTGGGCTCGGAGATGTGTATAAGAGACAG
B3,D502,AATGATACGGCGACCACCGAGATCTACACATAGAGGCTCGTCGGCAGCGTCAGATGTGTATAAGAGACAG
B3,D706,CAAGCAGAAGACGGCATACGAGATGAATTCGTGTCTCGTGGGCTCGGAGATGTGTATAAGAGACAG
B4,D503,AATGATACGGCGACCACCGAGATCTACACCCTATCCTTCGTCGGCAGCGTCAGATGTGTATAAGAGACAG
B4,D702,CAAGCAGAAGACGGCATACGAGATTCCGGAGAGTCTCGTGGGCTCGGAGATGTGTATAAGAGACAG
B5,D503,AATGATACGGCGACCACCGAGATCTACACCCTATCCTTCGTCGGCAGCGTCAGATGTGTATAAGAGACAG
B5,D710,CAAGCAGAAGACGGCATACGAGATTCCGCGAAGTCTCGTGGGCTCGGAGATGTGTATAAGAGACAG
B6,D504,AATGATACGGCGACCACCGAGATCTACACGGCTCTGATCGTCGGCAGCGTCAGATGTGTATAAGAGACAG
B6,D706,CAAGCAGAAGACGGCATACGAGATGAATTCGTGTCTCGTGGGCTCGGAGATGTGTATAAGAGACAG
B7,D505,AATGATACGGCGACCACCGAGATCTACACAGGCGAAGTCGTCGGCAGCGTCAGATGTGTATAAGAGACAG
B7,D702,CAAGCAGAAGACGGCATACGAGATTCCGGAGAGTCTCGTGGGCTCGGAGATGTGTATAAGAGACAG
B8,D505,AATGATACGGCGACCACCGAGATCTACACAGGCGAAGTCGTCGGCAGCGTCAGATGTGTATAAGAGACAG
B8,D710,CAAGCAGAAGACGGCATACGAGATTCCGCGAAGTCTCGTGGGCTCGGAGATGTGTATAAGAGACAG
B9,D506,AATGATACGGCGACCACCGAGATCTACACTAATCTTATCGTCGGCAGCGTCAGATGTGTATAAGAGACAG
B9,D706,CAAGCAGAAGACGGCATACGAGATGAATTCGTGTCTCGTGGGCTCGGAGATGTGTATAAGAGACAG
C1,D501,AATGATACGGCGACCACCGAGATCTACACTATAGCCTTCGTCGGCAGCGTCAGATGTGTATAAGAGACAG
C1,D703,CAAGCAGAAGACGGCATACGAGATCGCTCATTGTCTCGTGGGCTCGGAGATGTGTATAAGAGACAG
C10,D507,AATGATACGGCGACCACCGAGATCTACACCAGGACGTTCGTCGGCAGCGTCAGATGTGTATAAGAGACAG
C10,D703,CAAGCAGAAGACGGCATACGAGATCGCTCATTGTCTCGTGGGCTCGGAGATGTGTATAAGAGACAG
C11,D507,AATGATACGGCGACCACCGAGATCTACACCAGGACGTTCGTCGGCAGCGTCAGATGTGTATAAGAGACAG
C11,D711,CAAGCAGAAGACGGCATACGAGATTCTCGCGCGTCTCGTGGGCTCGGAGATGTGTATAAGAGACAG
C12,D508,AATGATACGGCGACCACCGAGATCTACACGTACTGACTCGTCGGCAGCGTCAGATGTGTATAAGAGACAG
C12,D707,CAAGCAGAAGACGGCATACGAGATCTGAAGCTGTCTCGTGGGCTCGGAGATGTGTATAAGAGACAG
C2,D501,AATGATACGGCGACCACCGAGATCTACACTATAGCCTTCGTCGGCAGCGTCAGATGTGTATAAGAGACAG
C2,D711,CAAGCAGAAGACGGCATACGAGATTCTCGCGCGTCTCGTGGGCTCGGAGATGTGTATAAGAGACAG
C3,D502,AATGATACGGCGACCACCGAGATCTACACATAGAGGCTCGTCGGCAGCGTCAGATGTGTATAAGAGACAG
C3,D707,CAAGCAGAAGACGGCATACGAGATCTGAAGCTGTCTCGTGGGCTCGGAGATGTGTATAAGAGACAG
C4,D503,AATGATACGGCGACCACCGAGATCTACACCCTATCCTTCGTCGGCAGCGTCAGATGTGTATAAGAGACAG
C4,D703,CAAGCAGAAGACGGCATACGAGATCGCTCATTGTCTCGTGGGCTCGGAGATGTGTATAAGAGACAG
C5,D503,AATGATACGGCGACCACCGAGATCTACACCCTATCCTTCGTCGGCAGCGTCAGATGTGTATAAGAGACAG
C5,D711,CAAGCAGAAGACGGCATACGAGATTCTCGCGCGTCTCGTGGGCTCGGAGATGTGTATAAGAGACAG
C6,D504,AATGATACGGCGACCACCGAGATCTACACGGCTCTGATCGTCGGCAGCGTCAGATGTGTATAAGAGACAG
C6,D707,CAAGCAGAAGACGGCATACGAGATCTGAAGCTGTCTCGTGGGCTCGGAGATGTGTATAAGAGACAG
C7,D505,AATGATACGGCGACCACCGAGATCTACACAGGCGAAGTCGTCGGCAGCGTCAGATGTGTATAAGAGACAG
C7,D703,CAAGCAGAAGACGGCATACGAGATCGCTCATTGTCTCGTGGGCTCGGAGATGTGTATAAGAGACAG
C8,D505,AATGATACGGCGACCACCGAGATCTACACAGGCGAAGTCGTCGGCAGCGTCAGATGTGTATAAGAGACAG
C8,D711,CAAGCAGAAGACGGCATACGAGATTCTCGCGCGTCTCGTGGGCTCGGAGATGTGTATAAGAGACAG
C9,D506,AATGATACGGCGACCACCGAGATCTACACTAATCTTATCGTCGGCAGCGTCAGATGTGTATAAGAGACAG
C9,D707,CAAGCAGAAGACGGCATACGAGATCTGAAGCTGTCTCGTGGGCTCGGAGATGTGTATAAGAGACAG
D1,D501,AATGATACGGCGACCACCGAGATCTACACTATAGCCTTCGTCGGCAGCGTCAGATGTGTATAAGAGACAG
D1,D704,CAAGCAGAAGACGGCATACGAGATGAGATTCCGTCTCGTGGGCTCGGAGATGTGTATAAGAGACAG
D10,D507,AATGATACGGCGACCACCGAGATCTACACCAGGACGTTCGTCGGCAGCGTCAGATGTGTATAAGAGACAG
D10,D704,CAAGCAGAAGACGGCATACGAGATGAGATTCCGTCTCGTGGGCTCGGAGATGTGTATAAGAGACAG
D11,D507,AATGATACGGCGACCACCGAGATCTACACCAGGACGTTCGTCGGCAGCGTCAGATGTGTATAAGAGACAG
D11,D712,CAAGCAGAAGACGGCATACGAGATAGCGATAGGTCTCGTGGGCTCGGAGATGTGTATAAGAGACAG
D12,D508,AATGATACGGCGACCACCGAGATCTACACGTACTGACTCGTCGGCAGCGTCAGATGTGTATAAGAGACAG
D12,D708,CAAGCAGAAGACGGCATACGAGATTAATGCGCGTCTCGTGGGCTCGGAGATGTGTATAAGAGACAG
D2,D501,AATGATACGGCGACCACCGAGATCTACACTATAGCCTTCGTCGGCAGCGTCAGATGTGTATAAGAGACAG
D2,D712,CAAGCAGAAGACGGCATACGAGATAGCGATAGGTCTCGTGGGCTCGGAGATGTGTATAAGAGACAG
D3,D502,AATGATACGGCGACCACCGAGATCTACACATAGAGGCTCGTCGGCAGCGTCAGATGTGTATAAGAGACAG
D3,D708,CAAGCAGAAGACGGCATACGAGATTAATGCGCGTCTCGTGGGCTCGGAGATGTGTATAAGAGACAG
D4,D503,AATGATACGGCGACCACCGAGATCTACACCCTATCCTTCGTCGGCAGCGTCAGATGTGTATAAGAGACAG
D4,D704,CAAGCAGAAGACGGCATACGAGATGAGATTCCGTCTCGTGGGCTCGGAGATGTGTATAAGAGACAG
D5,D503,AATGATACGGCGACCACCGAGATCTACACCCTATCCTTCGTCGGCAGCGTCAGATGTGTATAAGAGACAG
D5,D712,CAAGCAGAAGACGGCATACGAGATAGCGATAGGTCTCGTGGGCTCGGAGATGTGTATAAGAGACAG
D6,D504,AATGATACGGCGACCACCGAGATCTACACGGCTCTGATCGTCGGCAGCGTCAGATGTGTATAAGAGACAG
D6,D708,CAAGCAGAAGACGGCATACGAGATTAATGCGCGTCTCGTGGGCTCGGAGATGTGTATAAGAGACAG
D7,D505,AATGATACGGCGACCACCGAGATCTACACAGGCGAAGTCGTCGGCAGCGTCAGATGTGTATAAGAGACAG
D7,D704,CAAGCAGAAGACGGCATACGAGATGAGATTCCGTCTCGTGGGCTCGGAGATGTGTATAAGAGACAG
D8,D505,AATGATACGGCGACCACCGAGATCTACACAGGCGAAGTCGTCGGCAGCGTCAGATGTGTATAAGAGACAG
D8,D712,CAAGCAGAAGACGGCATACGAGATAGCGATAGGTCTCGTGGGCTCGGAGATGTGTATAAGAGACAG
D9,D506,AATGATACGGCGACCACCGAGATCTACACTAATCTTATCGTCGGCAGCGTCAGATGTGTATAAGAGACAG
D9,D708,CAAGCAGAAGACGGCATACGAGATTAATGCGCGTCTCGTGGGCTCGGAGATGTGTATAAGAGACAG
E1,D501,AATGATACGGCGACCACCGAGATCTACACTATAGCCTTCGTCGGCAGCGTCAGATGTGTATAAGAGACAG
E1,D705,CAAGCAGAAGACGGCATACGAGATATTCAGAAGTCTCGTGGGCTCGGAGATGTGTATAAGAGACAG
E10,D507,AATGATACGGCGACCACCGAGATCTACACCAGGACGTTCGTCGGCAGCGTCAGATGTGTATAAGAGACAG
E10,D705,CAAGCAGAAGACGGCATACGAGATATTCAGAAGTCTCGTGGGCTCGGAGATGTGTATAAGAGACAG
E11,D508,AATGATACGGCGACCACCGAGATCTACACGTACTGACTCGTCGGCAGCGTCAGATGTGTATAAGAGACAG
E11,D701,CAAGCAGAAGACGGCATACGAGATATTACTCGGTCTCGTGGGCTCGGAGATGTGTATAAGAGACAG
E12,D508,AATGATACGGCGACCACCGAGATCTACACGTACTGACTCGTCGGCAGCGTCAGATGTGTATAAGAGACAG
E12,D709,CAAGCAGAAGACGGCATACGAGATCGGCTATGGTCTCGTGGGCTCGGAGATGTGTATAAGAGACAG
E2,D502,AATGATACGGCGACCACCGAGATCTACACATAGAGGCTCGTCGGCAGCGTCAGATGTGTATAAGAGACAG
E2,D701,CAAGCAGAAGACGGCATACGAGATATTACTCGGTCTCGTGGGCTCGGAGATGTGTATAAGAGACAG
E3,D502,AATGATACGGCGACCACCGAGATCTACACATAGAGGCTCGTCGGCAGCGTCAGATGTGTATAAGAGACAG
E3,D709,CAAGCAGAAGACGGCATACGAGATCGGCTATGGTCTCGTGGGCTCGGAGATGTGTATAAGAGACAG
E4,D503,AATGATACGGCGACCACCGAGATCTACACCCTATCCTTCGTCGGCAGCGTCAGATGTGTATAAGAGACAG
E4,D705,CAAGCAGAAGACGGCATACGAGATATTCAGAAGTCTCGTGGGCTCGGAGATGTGTATAAGAGACAG
E5,D504,AATGATACGGCGACCACCGAGATCTACACGGCTCTGATCGTCGGCAGCGTCAGATGTGTATAAGAGACAG
E5,D701,CAAGCAGAAGACGGCATACGAGATATTACTCGGTCTCGTGGGCTCGGAGATGTGTATAAGAGACAG
E6,D504,AATGATACGGCGACCACCGAGATCTACACGGCTCTGATCGTCGGCAGCGTCAGATGTGTATAAGAGACAG
E6,D709,CAAGCAGAAGACGGCATACGAGATCGGCTATGGTCTCGTGGGCTCGGAGATGTGTATAAGAGACAG
E7,D505,AATGATACGGCGACCACCGAGATCTACACAGGCGAAGTCGTCGGCAGCGTCAGATGTGTATAAGAGACAG
E7,D705,CAAGCAGAAGACGGCATACGAGATATTCAGAAGTCTCGTGGGCTCGGAGATGTGTATAAGAGACAG
E8,D506,AATGATACGGCGACCACCGAGATCTACACTAATCTTATCGTCGGCAGCGTCAGATGTGTATAAGAGACAG
E8,D701,CAAGCAGAAGACGGCATACGAGATATTACTCGGTCTCGTGGGCTCGGAGATGTGTATAAGAGACAG
E9,D506,AATGATACGGCGACCACCGAGATCTACACTAATCTTATCGTCGGCAGCGTCAGATGTGTATAAGAGACAG
E9,D709,CAAGCAGAAGACGGCATACGAGATCGGCTATGGTCTCGTGGGCTCGGAGATGTGTATAAGAGACAG
F1,D501,AATGATACGGCGACCACCGAGATCTACACTATAGCCTTCGTCGGCAGCGTCAGATGTGTATAAGAGACAG
F1,D706,CAAGCAGAAGACGGCATACGAGATGAATTCGTGTCTCGTGGGCTCGGAGATGTGTATAAGAGACAG
F10,D507,AATGATACGGCGACCACCGAGATCTACACCAGGACGTTCGTCGGCAGCGTCAGATGTGTATAAGAGACAG
F10,D706,CAAGCAGAAGACGGCATACGAGATGAATTCGTGTCTCGTGGGCTCGGAGATGTGTATAAGAGACAG
F11,D508,AATGATACGGCGACCACCGAGATCTACACGTACTGACTCGTCGGCAGCGTCAGATGTGTATAAGAGACAG
F11,D702,CAAGCAGAAGACGGCATACGAGATTCCGGAGAGTCTCGTGGGCTCGGAGATGTGTATAAGAGACAG
F12,D508,AATGATACGGCGACCACCGAGATCTACACGTACTGACTCGTCGGCAGCGTCAGATGTGTATAAGAGACAG
F12,D710,CAAGCAGAAGACGGCATACGAGATTCCGCGAAGTCTCGTGGGCTCGGAGATGTGTATAAGAGACAG
F2,D502,AATGATACGGCGACCACCGAGATCTACACATAGAGGCTCGTCGGCAGCGTCAGATGTGTATAAGAGACAG
F2,D702,CAAGCAGAAGACGGCATACGAGATTCCGGAGAGTCTCGTGGGCTCGGAGATGTGTATAAGAGACAG
F3,D502,AATGATACGGCGACCACCGAGATCTACACATAGAGGCTCGTCGGCAGCGTCAGATGTGTATAAGAGACAG
F3,D710,CAAGCAGAAGACGGCATACGAGATTCCGCGAAGTCTCGTGGGCTCGGAGATGTGTATAAGAGACAG
F4,D503,AATGATACGGCGACCACCGAGATCTACACCCTATCCTTCGTCGGCAGCGTCAGATGTGTATAAGAGACAG
F4,D706,CAAGCAGAAGACGGCATACGAGATGAATTCGTGTCTCGTGGGCTCGGAGATGTGTATAAGAGACAG
F5,D504,AATGATACGGCGACCACCGAGATCTACACGGCTCTGATCGTCGGCAGCGTCAGATGTGTATAAGAGACAG
F5,D702,CAAGCAGAAGACGGCATACGAGATTCCGGAGAGTCTCGTGGGCTCGGAGATGTGTATAAGAGACAG
F6,D504,AATGATACGGCGACCACCGAGATCTACACGGCTCTGATCGTCGGCAGCGTCAGATGTGTATAAGAGACAG
F6,D710,CAAGCAGAAGACGGCATACGAGATTCCGCGAAGTCTCGTGGGCTCGGAGATGTGTATAAGAGACAG
F7,D505,AATGATACGGCGACCACCGAGATCTACACAGGCGAAGTCGTCGGCAGCGTCAGATGTGTATAAGAGACAG
F7,D706,CAAGCAGAAGACGGCATACGAGATGAATTCGTGTCTCGTGGGCTCGGAGATGTGTATAAGAGACAG
F8,D506,AATGATACGGCGACCACCGAGATCTACACTAATCTTATCGTCGGCAGCGTCAGATGTGTATAAGAGACAG
F8,D702,CAAGCAGAAGACGGCATACGAGATTCCGGAGAGTCTCGTGGGCTCGGAGATGTGTATAAGAGACAG
F9,D506,AATGATACGGCGACCACCGAGATCTACACTAATCTTATCGTCGGCAGCGTCAGATGTGTATAAGAGACAG
F9,D710,CAAGCAGAAGACGGCATACGAGATTCCGCGAAGTCTCGTGGGCTCGGAGATGTGTATAAGAGACAG
G1,D501,AATGATACGGCGACCACCGAGATCTACACTATAGCCTTCGTCGGCAGCGTCAGATGTGTATAAGAGACAG
G1,D707,CAAGCAGAAGACGGCATACGAGATCTGAAGCTGTCTCGTGGGCTCGGAGATGTGTATAAGAGACAG
G10,D507,AATGATACGGCGACCACCGAGATCTACACCAGGACGTTCGTCGGCAGCGTCAGATGTGTATAAGAGACAG
G10,D707,CAAGCAGAAGACGGCATACGAGATCTGAAGCTGTCTCGTGGGCTCGGAGATGTGTATAAGAGACAG
G11,D508,AATGATACGGCGACCACCGAGATCTACACGTACTGACTCGTCGGCAGCGTCAGATGTGTATAAGAGACAG
G11,D703,CAAGCAGAAGACGGCATACGAGATCGCTCATTGTCTCGTGGGCTCGGAGATGTGTATAAGAGACAG
G12,D508,AATGATACGGCGACCACCGAGATCTACACGTACTGACTCGTCGGCAGCGTCAGATGTGTATAAGAGACAG
G12,D711,CAAGCAGAAGACGGCATACGAGATTCTCGCGCGTCTCGTGGGCTCGGAGATGTGTATAAGAGACAG
G2,D502,AATGATACGGCGACCACCGAGATCTACACATAGAGGCTCGTCGGCAGCGTCAGATGTGTATAAGAGACAG
G2,D703,CAAGCAGAAGACGGCATACGAGATCGCTCATTGTCTCGTGGGCTCGGAGATGTGTATAAGAGACAG
G3,D502,AATGATACGGCGACCACCGAGATCTACACATAGAGGCTCGTCGGCAGCGTCAGATGTGTATAAGAGACAG
G3,D711,CAAGCAGAAGACGGCATACGAGATTCTCGCGCGTCTCGTGGGCTCGGAGATGTGTATAAGAGACAG
G4,D503,AATGATACGGCGACCACCGAGATCTACACCCTATCCTTCGTCGGCAGCGTCAGATGTGTATAAGAGACAG
G4,D707,CAAGCAGAAGACGGCATACGAGATCTGAAGCTGTCTCGTGGGCTCGGAGATGTGTATAAGAGACAG
G5,D504,AATGATACGGCGACCACCGAGATCTACACGGCTCTGATCGTCGGCAGCGTCAGATGTGTATAAGAGACAG
G5,D703,CAAGCAGAAGACGGCATACGAGATCGCTCATTGTCTCGTGGGCTCGGAGATGTGTATAAGAGACAG
G6,D504,AATGATACGGCGACCACCGAGATCTACACGGCTCTGATCGTCGGCAGCGTCAGATGTGTATAAGAGACAG
G6,D711,CAAGCAGAAGACGGCATACGAGATTCTCGCGCGTCTCGTGGGCTCGGAGATGTGTATAAGAGACAG
G7,D505,AATGATACGGCGACCACCGAGATCTACACAGGCGAAGTCGTCGGCAGCGTCAGATGTGTATAAGAGACAG
G7,D707,CAAGCAGAAGACGGCATACGAGATCTGAAGCTGTCTCGTGGGCTCGGAGATGTGTATAAGAGACAG
G8,D506,AATGATACGGCGACCACCGAGATCTACACTAATCTTATCGTCGGCAGCGTCAGATGTGTATAAGAGACAG
G8,D703,CAAGCAGAAGACGGCATACGAGATCGCTCATTGTCTCGTGGGCTCGGAGATGTGTATAAGAGACAG
G9,D506,AATGATACGGCGACCACCGAGATCTACACTAATCTTATCGTCGGCAGCGTCAGATGTGTATAAGAGACAG
G9,D711,CAAGCAGAAGACGGCATACGAGATTCTCGCGCGTCTCGTGGGCTCGGAGATGTGTATAAGAGACAG
H1,D501,AATGATACGGCGACCACCGAGATCTACACTATAGCCTTCGTCGGCAGCGTCAGATGTGTATAAGAGACAG
H1,D708,CAAGCAGAAGACGGCATACGAGATTAATGCGCGTCTCGTGGGCTCGGAGATGTGTATAAGAGACAG
H10,D507,AATGATACGGCGACCACCGAGATCTACACCAGGACGTTCGTCGGCAGCGTCAGATGTGTATAAGAGACAG
H10,D708,CAAGCAGAAGACGGCATACGAGATTAATGCGCGTCTCGTGGGCTCGGAGATGTGTATAAGAGACAG
H11,D508,AATGATACGGCGACCACCGAGATCTACACGTACTGACTCGTCGGCAGCGTCAGATGTGTATAAGAGACAG
H11,D704,CAAGCAGAAGACGGCATACGAGATGAGATTCCGTCTCGTGGGCTCGGAGATGTGTATAAGAGACAG
H12,D508,AATGATACGGCGACCACCGAGATCTACACGTACTGACTCGTCGGCAGCGTCAGATGTGTATAAGAGACAG
H12,D712,CAAGCAGAAGACGGCATACGAGATAGCGATAGGTCTCGTGGGCTCGGAGATGTGTATAAGAGACAG
H2,D502,AATGATACGGCGACCACCGAGATCTACACATAGAGGCTCGTCGGCAGCGTCAGATGTGTATAAGAGACAG
H2,D704,CAAGCAGAAGACGGCATACGAGATGAGATTCCGTCTCGTGGGCTCGGAGATGTGTATAAGAGACAG
H3,D502,AATGATACGGCGACCACCGAGATCTACACATAGAGGCTCGTCGGCAGCGTCAGATGTGTATAAGAGACAG
H3,D712,CAAGCAGAAGACGGCATACGAGATAGCGATAGGTCTCGTGGGCTCGGAGATGTGTATAAGAGACAG
H4,D503,AATGATACGGCGACCACCGAGATCTACACCCTATCCTTCGTCGGCAGCGTCAGATGTGTATAAGAGACAG
H4,D708,CAAGCAGAAGACGGCATACGAGATTAATGCGCGTCTCGTGGGCTCGGAGATGTGTATAAGAGACAG
H5,D504,AATGATACGGCGACCACCGAGATCTACACGGCTCTGATCGTCGGCAGCGTCAGATGTGTATAAGAGACAG
H5,D704,CAAGCAGAAGACGGCATACGAGATGAGATTCCGTCTCGTGGGCTCGGAGATGTGTATAAGAGACAG
H6,D504,AATGATACGGCGACCACCGAGATCTACACGGCTCTGATCGTCGGCAGCGTCAGATGTGTATAAGAGACAG
H6,D712,CAAGCAGAAGACGGCATACGAGATAGCGATAGGTCTCGTGGGCTCGGAGATGTGTATAAGAGACAG
H7,D505,AATGATACGGCGACCACCGAGATCTACACAGGCGAAGTCGTCGGCAGCGTCAGATGTGTATAAGAGACAG
H7,D708,CAAGCAGAAGACGGCATACGAGATTAATGCGCGTCTCGTGGGCTCGGAGATGTGTATAAGAGACAG
H8,D506,AATGATACGGCGACCACCGAGATCTACACTAATCTTATCGTCGGCAGCGTCAGATGTGTATAAGAGACAG
H8,D704,CAAGCAGAAGACGGCATACGAGATGAGATTCCGTCTCGTGGGCTCGGAGATGTGTATAAGAGACAG
H9,D506,AATGATACGGCGACCACCGAGATCTACACTAATCTTATCGTCGGCAGCGTCAGATGTGTATAAGAGACAG
H9,D712,CAAGCAGAAGACGGCATACGAGATAGCGATAGGTCTCGTGGGCTCGGAGATGTGTATAAGAGACAG
